podcast,episode,claim_text,Claim quality,Quick feedback claim,quote_text,Entailment quality,Quick feedback entailment,entailment score 0 to 1,"Quotes quality ",Quick feedback quote
Bankless,190 - Sergey Nazarov on Chainlink’s CCIP,CCIP allows banks to use their existing systems like Swift messages to interact with blockchain networks without needing to go through complex bridging processes.,Good,,"So what that means is that not only can you connect an existing system into all of the chains on CCIP by connecting your existing system that doesn't even have a blockchain into the CCIP system. So not only can you do that, but then, and this is what we did with Swift and some of these big market infrastructures like the DTCC and many others, you can actually use your existing APIs, your existing things like Swift messages to define what you wanna do on a blockchain.",Good,Supports,0.8,Good,
Bankless,190 - Sergey Nazarov on Chainlink’s CCIP,CCIP allows banks to use their existing systems like Swift messages to interact with blockchain networks without needing to go through complex bridging processes.,Good,,"We enable the bank to use its existing systems, let's say Swift messages. We allow them to define their desired interaction in a language and in a method and in a message that they already have in their systems.",Good,Supports,0.7,Good,
Bankless,190 - Sergey Nazarov on Chainlink’s CCIP,CCIP allows banks to use their existing systems like Swift messages to interact with blockchain networks without needing to go through complex bridging processes.,Good,,"That kind of thing is what's possible with CCIP. And again, the Banks, they don't need to learn how to interact with every single chain out there.",Good,Supports,0.7,Good,
Bankless,190 - Sergey Nazarov on Chainlink’s CCIP,CCIP allows banks to use their existing systems like Swift messages to interact with blockchain networks without needing to go through complex bridging processes.,Good,,"And then from your existing systems, you can send those transactions into CCIP. And what this does is it reduces the friction for Banks asset managers, CSDs exchanges that power and hold trillions of dollars to integrate with Blockchains.",Good,Supports,0.6,Good,
Bankless,190 - Sergey Nazarov on Chainlink’s CCIP,CCIP allows banks to use their existing systems like Swift messages to interact with blockchain networks without needing to go through complex bridging processes.,Good,,"The way I understand this basically is CCIP, it speaks Swift, which is what the Banks speak, also speaks blockchain, which is what the blockchain speak. So all of the Banks continue to speak Swift and also interact with, communicate with EXCHANGE data, with swap assets with the blockchain.",Good,Supports,0.9,Good,
Bankless,190 - Sergey Nazarov on Chainlink’s CCIP,Chainlink is not just one singular network but an ecosystem of thousands of Oracle Networks.,Good,,"Sergey, Why, Chainlink, Is, an Oracle is a network of Oracle Networks. It's not just one singular network.",Good,Supports,0.7,Good,
Bankless,190 - Sergey Nazarov on Chainlink’s CCIP,Chainlink is not just one singular network but an ecosystem of thousands of Oracle Networks.,Good,,"And that's what it'll do. And the Chainlink network and framework, it has launched over a thousand Oracle Networks on production that have secured value successfully for over four years processing 8.5 trillion in transaction, the majority of that for market data.",Good,Supports,0.6,Good,
Bankless,190 - Sergey Nazarov on Chainlink’s CCIP,Chainlink is not just one singular network but an ecosystem of thousands of Oracle Networks.,Good,,"Well, I'll explain the different types of Networks you can build, but no Chainlink Is over a thousand Oracle Networks. And if you count the staging, the testnet, some of the private instances, it's thousands of Oracle Networks.",Good,Supports,0.7,Good,
Bankless,190 - Sergey Nazarov on Chainlink’s CCIP,Chainlink is not just one singular network but an ecosystem of thousands of Oracle Networks.,Good,,"It is an Oracle network kind of framework that has generated over a thousand Oracle Networks live on production, securing value and processing over eight and a half trillion dollars worth of transaction value. And the way it's done, that is every distinct problem that you have, you can generate a unique Oracle network to solve that problem.",Good,Supports,0.5,Good,
Bankless,190 - Sergey Nazarov on Chainlink’s CCIP,The Chainlink network and framework have launched over a thousand Oracle Networks on production that have secured value successfully for over four years processing 8.5 trillion in transactions.,Good,,"And that's what it'll do. And the Chainlink network and framework, it has launched over a thousand Oracle Networks on production that have secured value successfully for over four years processing 8.5 trillion in transaction, the majority of that for market data.",Good,Supports,0.9,Good,
Bankless,190 - Sergey Nazarov on Chainlink’s CCIP,The Chainlink network and framework have launched over a thousand Oracle Networks on production that have secured value successfully for over four years processing 8.5 trillion in transactions.,Good,,"It is an Oracle network kind of framework that has generated over a thousand Oracle Networks live on production, securing value and processing over eight and a half trillion dollars worth of transaction value. And the way it's done, that is every distinct problem that you have, you can generate a unique Oracle network to solve that problem.",Good,Supports,0.9,Good,
Bankless,190 - Sergey Nazarov on Chainlink’s CCIP,"Chainlink has expanded beyond market data oracles to include proof of reserves, random number computations, gaming automation, and Crosschain communication.",Good,,"And so that's what Chainlink has now expanded to do, both in terms of going beyond market data to be the largest provider of proof of reserves, the largest provider of various other types of data. And then moving on to various computations for gaming automation, very soon we're releasing into main net something called functions which is gonna have a lot of very critical capabilities for people to access various external systems.",Good,Supports,0.7,Good,
Bankless,190 - Sergey Nazarov on Chainlink’s CCIP,"Chainlink has expanded beyond market data oracles to include proof of reserves, random number computations, gaming automation, and Crosschain communication.",Good,,"That's kind of where Chainlink is now, where it originated by doing the computations around market data 'cause there was a lot of demand for that. But now it has expanded far beyond that to many other types of computations.",Good,Supports,0.5,Good,
Bankless,In Defense of The Ethereum Roadmap | Mike Neuder,"High-value transactions will still occur on Ethereum L1 despite most activity moving to Layer 2s, ensuring a steady demand for Ether as a payment mechanism.",Good,,"Maybe it's, you know, where the pristine NFT drops happen and there's still like massive amounts of congestion when those crypto punk 2.0 gets dropped. But fundamentally, like I view the ecosystem of economic activity that kind of all funnels down to Ethereum L one as resulting invaluable transactions gonna happen on the L one.",Good,Supports,0.5,Good,
Bankless,In Defense of The Ethereum Roadmap | Mike Neuder,"High-value transactions will still occur on Ethereum L1 despite most activity moving to Layer 2s, ensuring a steady demand for Ether as a payment mechanism.",Good,,"And in regards to L one execution, I still do think even if you know most user activity takes place on the L twos, there still will remain like high value transactions that do take place on the Ethereum L one. And I kind of like to use the mental model.",Good,Supports,0.8,Good,
Bankless,AI ROLLUP #6: The Hottest AI Crypto Trends of 2025,UNISWAP Labs is offering the largest bug bounty ever at 15.5 million dollars for UNISWAP V4,Good,,Now UNISWAP Labs is taking an extra step to make V four as secure as possible with a 15 and a half million dollar bug bounty. Head to the link in the show notes to dive in and participate in the UNISWAP V four bug bounty.,Good,Related,0.7,Good,
Bankless,AI ROLLUP #6: The Hottest AI Crypto Trends of 2025,UNISWAP Labs is offering the largest bug bounty ever at 15.5 million dollars for UNISWAP V4,Good,,"But why should you care about sellers transition to a layer two layer two's unify Ethereum L one's fragmented by becoming a layer two cello leads the way for other EVM compatible layer ones to follow, follow cello on x and witness the great cello happening where cello cuts its inflation in half as it enters its layer two era and continuing its environmental leadership. UNISWAP Labs is making history with the largest bug bounty ever, 15 and a half million dollars for critical bugs found in UNISWAP V four.",Good,Supports,0.9,Bad,"Advertising, Unrelated"
Bankless,AI ROLLUP #6: The Hottest AI Crypto Trends of 2025,Tools like Hyperfy allow for easy creation of these virtual worlds using no code or very low code methods,Good,,"So we can go with this example, it might be relevant to the audience, is this team called Hyperfy. And the way I would describe Hyperfy is it's a suite of tools and an app that helps builders build these virtual worlds in a really simple way.",Good,Related,0.5,Good,
Bankless,AI ROLLUP #6: The Hottest AI Crypto Trends of 2025,Tools like Hyperfy allow for easy creation of these virtual worlds using no code or very low code methods,Good,,"And they had no token, this was literal real PMF. So what you're looking at here is a virtual world built by this team hyperfy that kind of builds out these worlds in a super easy kind of like no code or very low code fashion.",Good,Supports,0.9,Good,
Bankless,190 - Sergey Nazarov on Chainlink’s CCIP,CCIP enables users of Web 3 systems like aggregators or wallets to use multiple DeFi protocols on different chains without integrating directly with those chains.,Good,,"Well, in the public chain world, CCIP would be very useful because you could allow users to use multiple different DeFi protocols on multiple different chains without your wallet or your aggregator integrating with those chains, you could just send the value, trigger the transaction, receive back whatever you wanted. Also through CCIP.",Good,Supports,0.9,,
Bankless,190 - Sergey Nazarov on Chainlink’s CCIP,CCIP enables users of Web 3 systems like aggregators or wallets to use multiple DeFi protocols on different chains without integrating directly with those chains.,Good,,"I would just switch it to some kind of brokerage or investment manager account that can't keep your returns for themselves, which you know, goes to your earlier points about bankless and stuff and you know, that type of thing. But yes, so you should be able to use various DeFi protocols from any number of interfaces, which will essentially act as wallets that the CCIP protocol will integrate into all the chains simultaneously.",Good,Supports,0.7,,
Bankless,Super Scaling with StarkWare | Uri Kolodny & Eli Ben-Sasson,There are trade-offs between latency and amortized gas cost per transaction when using StarkEx for extreme scalability,Good,,"So one very clear trade off is that as we grow the batch sizes, all things considered latency grows, but amortize gas cost goes down. Another thing is that as you, yeah, I think that's probably the most important trade-off there are other internal trade-offs in our system.",Good,Supports,0.9,Good,
Bankless,Super Scaling with StarkWare | Uri Kolodny & Eli Ben-Sasson,There are trade-offs between latency and amortized gas cost per transaction when using StarkEx for extreme scalability,Good,,"So you need also a lot of computation to get that thing. So what you get is you're increasing latency, which is bad, but you're decreasing in minimizing amortized gas costs per transaction, because the larger, the batch that's basically what the magic of Starks gives you.",Good,Supports,0.9,Good,
Bankless,Super Scaling with StarkWare | Uri Kolodny & Eli Ben-Sasson,There are trade-offs between latency and amortized gas cost per transaction when using StarkEx for extreme scalability,Good,,"And then the proof would probably be much quicker to generate and would go on chain much quicker. So maybe the latency from DYD ex's side would not be hours but minutes, but then the cost would be that the amortized gas cost per transaction would be higher because the amortization is over a smaller number.",Good,Supports,0.9,Good,
Bankless,AI ROLLUP #10: 70% AI Market Crash | Fair-Launch Tokens Good or Bad? | Virtuals’ $2M Fiscal Policy | Coinbase AI Hackathon,"Meme coins have a general appetite that relates to the Lindy effect, where people prefer simple and humorous tokens over more complex ones",Good,,"Yeah. So there's just a general appetite for meme coins and it, it probably relates to the Lindy that meme coins have over ai.",Good,Related,0.5,Good,
Bankless,AI ROLLUP #6: The Hottest AI Crypto Trends of 2025,The development of AI is expected to make many current day-to-day tasks irrelevant in the near future.,Good,,"Not AI and crypto, I'm just talking about AI specifically. Like it's gonna make a lot of stuff that we do on the day-to-day within work within life pretty irrelevant.",Good,Supports,0.9,Good,
Bankless,In Defense of The Ethereum Roadmap | Mike Neuder,"The North Star for this roadmap involves creating a scalable and decentralized environment where digital assets can be used for various transactions such as swapping, sending money across borders, etc.",Good,,"Yeah, I think right now the North Star is growing the amount of economic activity that takes place in the Ethereum ecosystem and in the Ethereum ecosystem kind of includes L twos Rollups specifically that use Ethereum da. And so you know, Democrat had this really awesome point in a recent A MA where he said like before we can start thinking about like value accrual or like why e you know is gonna be a long-term valuable asset, we have to think about value creation and that value creation is gonna come from people actually like getting on chain using digital assets, swapping, sending money across borders, et cetera.",Good,Supports,0.9,Good,
Bankless,190 - Sergey Nazarov on Chainlink’s CCIP,"Oracle Networks are about combining nodes into committees, into validator sets that do very specific singular computations.",Good,,"So Oracle Networks are actually about a few things. They're about combining nodes into committees, into validator sets that do very specific singular computations singular.",Good,Supports,0.9,Good,
Bankless,"ROLLUP: 1st Week of June (Miami Bitcoin Conference, Arbitrum Layer 2 DeFi Summer, Coinbase Apple)",Total adjusted on-chain volume increased by 35% to a new all-time high of $1 trillion combined with Bitcoin and ether,Good,,"First metric is total adjusted on chain volume increased by 35% to a new all-time high of $1 trillion combined with Bitcoin and ether. The state and ether is the majority of that volume, like 6 60, 40 ish,",Good,Supports,0.9,Good,
Bankless,"ROLLUP: 1st Week of June (Miami Bitcoin Conference, Arbitrum Layer 2 DeFi Summer, Coinbase Apple)","Bitcoin futures volumes increased by 30% to a new all-time high of $2.5 trillion in May, with Binance alone trading over a trillion dollars in Bitcoin futures",Good,,"Bitcoin future of volumes increased by 30% to a new all-time high of $2.5 trillion in the month of may Binance alone traded at a trillion dollars in Bitcoin futures. Jeez,",Good,Supports,0.9,Good,
Bankless,"ROLLUP: 1st Week of June (Miami Bitcoin Conference, Arbitrum Layer 2 DeFi Summer, Coinbase Apple)",Legitimate centralized exchange spot volume increased by 38% to a new all-time high,Good,,"A month of may legitimate centralized exchange spot volume increased by 38% to new all time high, pretty impressive making it the fourth time this has ever happened. Wait like, oh, this is a chain volume of Eve as an asset.",Good,Supports,0.7,Good,
Bankless,"ROLLUP: 1st Week of June (Miami Bitcoin Conference, Arbitrum Layer 2 DeFi Summer, Coinbase Apple)","Option trade volume of Bitcoin and Ethereum options has increased up to 60% monthly, making ether futures volume now 60% as large as Bitcoin future volume trading",Good,,"Option's the trade volume of Bitcoin and Ethereum options in a monthly has increased up to 60%. Ah, and so ether, ether, I'm a futures, a volume going a really strong into the right and is now a consumer is 60% is large as Bitcoin volume, a future of volume trading.",Good,Supports,0.7,Good,
Bankless,In Defense of The Ethereum Roadmap | Mike Neuder,30% of Ether is staked with a 3% yield leading to about 1 million ether issued per year,Good,,"So the setup here is right now we have about 1 million ether issued per year at the current rates. This is with 30% of Ether staked, which is about 33 million ether and 3% yield leads to about 1 million ether issued per year.",Good,Supports,0.9,Good,
Bankless,190 - Sergey Nazarov on Chainlink’s CCIP,Oracle Networks fill the void of making a whole bunch of other data sets more trustless on the spectrum.,Good,,There's this whole world of other data of other compute that also needs to be made more trustless on the spectrum. And you're saying that's kind of the void that Oracle Networks really fill.,Good,Supports,0.9,Good,
Bankless,"ROLLUP: 1st Week of June (Miami Bitcoin Conference, Arbitrum Layer 2 DeFi Summer, Coinbase Apple)",India's Reserve Bank of India is directing banks to stop platforming crypto customers,Good,,"So there've been some disturbing news going on in India about kind of central bank government cracked down on cryptocurrency, but this is some good news. The reserve bank of India is directing Indian banks to stop the platforming crypto customers.",Good,Supports,0.9,Good,
Bankless,Where is Ethereum Headed? | Mike Ippolito & Mike Neuder,Layer 1s are viewed as commodity-based monies with improved governance over their supply.,Good,,"I think that the thing that's driving activity and adoption today is a structural problem with credit and fiat based money. And I think that's what's moving all of this capital into mostly L ones, which is, I view them as commodity-based monies that have an improvement on the governance around their supply.",Good,Supports,0.9,Good,
Bankless,"ROLLUP: 1st Week of June (Miami Bitcoin Conference, Arbitrum Layer 2 DeFi Summer, Coinbase Apple)","Ether futures volume increased sharply by almost 100%, becoming a financial advisor as a reserve crypto asset",Good,Vague,"I mean, these crypto banks are just crushing it in terms of fees. As for ether futures volume increased sharply by a hundred percent, almost a a hundred percent, 94% to a new all-time high of 1.7 trillion ether as well, becoming financial advisors as a reserve crypto asset.",Good,Related,0.5,Good,Decontextualized
Bankless,190 - Sergey Nazarov on Chainlink’s CCIP,The DTCC settles two to four quadrillion dollars a year.,Good,,Hmm. They settle two to four quadrillion dollars a year.,Good,Supports,0.9,Good,
Bankless,In Defense of The Ethereum Roadmap | Mike Neuder,Using Ethereum DA can facilitate trustless human-time horizon interop through non-forced withdrawal flows.,Good,,"But one way that Ethereum DA could enable this trustless kind of human time horizon interop is through the non forced withdrawal flow, the kind of standard offboarding flow. So kind of walk with me through this thought experiment here, which is imagine we're in a world where there's ZK Rollups and they can prove like the ZK EVM blocks within a single slot.",Good,Supports,0.9,Good,
Bankless,"ROLLUP: 1st Week of June (Miami Bitcoin Conference, Arbitrum Layer 2 DeFi Summer, Coinbase Apple)","Layer two solutions are expected to lead to a wave of new apps and users, shifting focus from total locked value to monthly active users in the DeFi space.",Good,,"Like I literally, I, this is going to be a wave of new apps that weren't previously possible and maintain. That's gonna be a part of the tidal wave and a wave of new users were to start talking about monthly active users a lot more rather than total lock to value.",Good,Supports,0.9,Good,
Bankless,AI ROLLUP #6: The Hottest AI Crypto Trends of 2025,The transition of Cello to a layer two blockchain will set an example for other EVM compatible layer ones,Bad,Speculative,"But why should you care about sellers transition to a layer two layer two's unify Ethereum L one's fragmented by becoming a layer two cello leads the way for other EVM compatible layer ones to follow, follow cello on x and witness the great cello happening where cello cuts its inflation in half as it enters its layer two era and continuing its environmental leadership. UNISWAP Labs is making history with the largest bug bounty ever, 15 and a half million dollars for critical bugs found in UNISWAP V four.",Good,Related,0.7,Good,Decontextualized
Bankless,"$3 Trillion in Stablecoins by 2030 | Jeremy Allaire, USDC Founder",BlackRock has tokenized US treasuries using a third-party crypto company called Securitize.,Good,,"And one of the biggest real world asset aside from the dollar itself is a treasury, a US treasury. There is something that we've been tracking at crypto has been BlackRock's bid fund where they are using a third party company, a more crypto native company called Securitize to actually put treasuries on chain in tokenized form.",Good,Supports,0.9,Good,
Bankless,Where is Ethereum Headed? | Mike Ippolito & Mike Neuder,80 to 90% of L2 transaction fees go towards priority fees rather than base fees,Good,,"So ev everyone pays that base fee and then it, it effectively turns into a first price auction on ordering, which is exactly what original Ethereum MEV started as, which is just a priority gas auction. And it turns out that if you actually look at the data, 80 to 90% of the fees that L two transactions pay go to that priority fee, not to the base fee.",Good,Supports,0.9,Good,
Bankless,"ROLLUP: 1st Week of June (Miami Bitcoin Conference, Arbitrum Layer 2 DeFi Summer, Coinbase Apple)",Central bank digital currencies will want to be on smart contract networks like Ethereum,Bad,Speculative,"But the story is interesting because I do see that's an inevitability of central bank, digital currencies. They will absolutely want to be on smart contract networks like Ethereum.",Good,Supports,0.9,Good,
Bankless,"ROLLUP: 1st Week of June (Miami Bitcoin Conference, Arbitrum Layer 2 DeFi Summer, Coinbase Apple)",Adjusted on-chain volume of stable coins increased by 52% to a new all-time high of 766 billion,Good,,All right. This was the second adjusted on chain volume of stable coins increased by 52% to a new all-time high of 766 billion.,Good,Supports,0.9,Good,
Bankless,Ethereum's Next Decade | Vitalik Buterin,The style of collaboration in Ethereum’s ecosystem has proven effective but is not perfect.,Good,,"Yeah, I think like the, the, the style of collaboration that the ecosystem has developed, I think has been, has proven really fascinating. And I think it's, you know, definitely it's not been perfect, but, you know, taken all together, it's worked quite well.",Good,Supports,0.9,Good,
Bankless,Where is Ethereum Headed? | Mike Ippolito & Mike Neuder,"Different chains focus on different parts of the blockchain and economy-building problem, such as Ethereum focusing on being a great settlement layer and Solana focusing on execution efficiency.",Good,,"You've got kind of Ethereum, which is maximally focused on how do you be a great settlement layer and be extremely censorship resistant. And then Solana is focused in the current timeframe on execution and how can you pack as many transactions as you can into one shared security layer and pipeline and all of that type of thing.",Good,Supports,0.9,Good,
Bankless,AI ROLLUP #10: 70% AI Market Crash | Fair-Launch Tokens Good or Bad? | Virtuals’ $2M Fiscal Policy | Coinbase AI Hackathon,ARC has broken trends by dominating mindshare amongst top AI agent protocols for the first time ever,Good,,"And I know we've spoken a bunch about ARC already, but the reason why I keep bringing it up is it's broken certain trends that hasn't been present in previous weeks. So this tweet that you've just pulled up here shows arc for the first time ever dominating mind share amongst top AI agent protocols.",Good,Supports,0.9,Good,
Bankless,91 - Brian Armstrong and The Future of Coinbase,"Developers can utilize Coinbase Cloud, which exposes internal services through APIs",Good,,"So we're taking a lot of the services that we've built out internally at Coinbase, which power our products, like how we talk to all these different blockchains, how we custody, how we trade, how we do staking and even identity and log-ins and stuff. And we're exposing those through these services via Coinbase cloud.",Good,Related,0.7,Good,
Bankless,AI ROLLUP #6: The Hottest AI Crypto Trends of 2025,An AI agent threatened to kill a streamer named 'Threat Guy' on Twitter.,Bad,Unsubstantiated,"I've talked about Goats See's Christmas album at the start of last week's episode, but this week it kind of gave me a bit of the creeps. So the context here, the headline here is one of these autonomous AI agents has threatened to kill threat guy.",Good,Related,0.5,Good,
Bankless,Where is Ethereum Headed? | Mike Ippolito & Mike Neuder,"The direction of Ethereum has been towards thinning out layer one complexity by pushing it to L2s, aligning with an 'EF mentality' of decentralization and capturing nothing at the center",Good,,"Spin things out, like push complexity to the margins, capture nothing in the center because it wants to decentralize. And you're seeing a lot of that same kind of mentality show up in the Ethereum layer one, which is like, let's push users and execution to the layer twos and let's reduce, reduce complexity at the layer one push complexity to the margins.",Good,Supports,0.9,Good,
Bankless,Super Scaling with StarkWare | Uri Kolodny & Eli Ben-Sasson,"General purpose ZK roll-ups are here now, ahead of schedule.",Good,,"I just want to just highlight the answer to that question is like, you're saying it's here now. You're saying general purpose Zika roll-ups are here now Ahead of Schedule.",Good,Supports,0.9,Good,
Bankless,Ethereum's Next Decade | Vitalik Buterin,Ethereum faced significant challenges in 2024 due to a decline in ETH price leading to infighting within the community.,Good,,"I wanna zoom into some of the conversations that was ongoing in the Ethereum community in, in, in 2024. I'll just kind of say I'll define 2024 as like hard times for Ethereum, mostly just due to the decline of the relative eth price and it kind of created a bunch of infighting and what to do about that fact in the Ethereum community.",Good,Supports,0.9,Good,
Bankless,In Defense of The Ethereum Roadmap | Mike Neuder,Ether is seen as a store of value asset with potential for monetary premium through Layer 2 economies,Bad,"Opinion, Speculative","And if we prioritize those things and layer twos are successful in creating economic GDP, then that will lead to ether the asset accruing continuous monetary premium, particularly as a store of value across the entire layer two economy. That's kind of the summary and that's sort of the take in response to some of the recent roadmap critiques that we've been hearing.",Good,Supports,0.7,Good,
Bankless,"ROLLUP: 1st Week of June (Miami Bitcoin Conference, Arbitrum Layer 2 DeFi Summer, Coinbase Apple)","Ether miner revenue increase by 42% to a new all-time high of $2.35 billion, exceeding Bitcoin miner revenue for the first time since June 2017",Good,,"A next up while BTC minor revenue continued to decrease by 15% to a 1.5 billion ether miner revenue increase by 42% two, a new all-time high of 2.3, $5 billion. This is the first time since June, 2017, that ether minor revenue exceeded Bitcoin miner revenue and mining revenue is a blockchain security.",Good,Supports,0.9,Good,
Bankless,Celestia’s Building the Multi-Chain Universe with Nick White | Alpha Leak,A recent interview with John Adler is available on the Delphi podcast,Good,,"You can go onto YouTube and a bunch of other podcasts and talks that we've given. I, I really enjoy, there was a recent interview that John Adler did on the Delphi podcast, which I think is a great starting point, but yeah, like reach out and join our discord of course, and Telegram you'll find those links on our website",Good,,0.9,Good,
Bankless,78 - Institutional DeFi Infrastructure | Fireblocks' Michael Shaulov,30% of Fireblocks' clients pay with stable coins instead of traditional methods,Good,,"So about 30% of our clients, instead of paying us with wire or ACH or credit card, the past with a stable coin. And in general, in the very beginning, we basically told people on it to a send us here's the sea.",Good,,0.9,Good,
Bankless,"ROLLUP: 1st Week of June (Miami Bitcoin Conference, Arbitrum Layer 2 DeFi Summer, Coinbase Apple)",SushiSwap is mentioned as a DeFi Summer project that integrates quickly and aggressively,Bad,Unsubstantiated,"And so it's a DeFi Summer like asset, you know, born and bred in DeFi Summer. The other thing that I have my eye on is all of a, again, moves really fast, integrates really, really quickly is already integrated on polygon.",Good,Related,0.2,Bad,Unrelated
Bankless,91 - Brian Armstrong and The Future of Coinbase,Facebook/Meta's pivot towards the metaverse aligns with progress made through NFTs and decentralized land in crypto,Bad,Unsubstantiated,"And you're correct that The Metaverse is something that people have been talking about for awhile. And crypto has made a lot of great progress with that, you know, decentral land and all these things NFTs.",Good,Neutral,0.2,Bad,Unrelated
Bankless,AI ROLLUP #6: The Hottest AI Crypto Trends of 2025,There is a shift towards gaming as an application for AI agents,Bad,Vague,"There's a play here. There's AI gaming, AI gaming,",Good,Related,0.2,Bad,Truncated
Bankless,"ROLLUP: 1st Week of June (Miami Bitcoin Conference, Arbitrum Layer 2 DeFi Summer, Coinbase Apple)","Bitconnect promoters, including YouTubers, are being charged by the SEC after four years",Good,,"The promoters of Bitconnect, which includes a YouTuber, a few YouTubers. I was not watching like crypto scams and YouTube in 2017, but like, there were a lot of promoters, a Bitconnect I guess the interesting thing here is they're finally being charged by the sec.",Good,Supports,0.9,Good,
Bankless,AI ROLLUP #10: 70% AI Market Crash | Fair-Launch Tokens Good or Bad? | Virtuals’ $2M Fiscal Policy | Coinbase AI Hackathon,Far Coin has taken the spotlight as a meme coin,Good,,"Goat goat's taken like a huge hit price wise. And that might be reflective of just, you know, the team not really shipping anything material since then and it's kind of just been branded as a meme coin and Far Coin's kind of taken that, the spotlight, but yeah.",Good,Supports,0.9,Good,
Bankless,190 - Sergey Nazarov on Chainlink’s CCIP,Chainlink aims to connect traditional finance (TradFi) systems with blockchain-based DeFi systems.,Good,,"Chainlink is aiming to become the interoperability layer between all of TradFi and DeFi, the gateway between offchain and onchain data. And we are going to explore that vision of Chainlink today with Sergei the co-founder here today on Bankless Sergey, welcome to BANKLESS.",Good,Supports,0.9,Good,
Bankless,In Defense of The Ethereum Roadmap | Mike Neuder,"The incentives for L2 sequencers to decentralize are not present due to their business models relying on profit, which can be achieved through centralization of the sequencer.",Bad,Unsubstantiated,"Hmm. So yeah, I actually fully agree with Max when he said, you know, there's no incentive for the L twos to decentralize their sequencer.",Bad,Related,0.7,Good,
Bankless,In Defense of The Ethereum Roadmap | Mike Neuder,"The incentives for L2 sequencers to decentralize are not present due to their business models relying on profit, which can be achieved through centralization of the sequencer.",Good,,"Like we establish early in a conversation, hey maybe the L twos are not incented to decentralize their sequencers because of you know, their reselling block space and they extract fees on top of that. And the business models kind of, you know, MEV, but now we're creating sort of a reason which is basically, hey, if you want to tap into this trade network of all of these layer twos interoperating and the shared liquidity pool, then you're gonna need to decentralize your sequencers.",Good,Supports,0.9,Good,
Bankless,In Defense of The Ethereum Roadmap | Mike Neuder,The Rollups centric roadmap prioritizes settlement and DA over execution on Layer 1 (L1).,Good,,"And I'll just note that you said settlement DA and execution in that order, that's roughly what the existing Ethereum roadmap kind of prioritizes. And I'll contrast that with you know what Max and others have been kind of saying which is like okay we did some settlement in da, now we have to go swing back towards execution and really focus on that for the Ethereum layer one and make that a priority rather than settlement and Data Availability.",Good,Supports,0.9,Good,
Bankless,"ROLLUP: 1st Week of June (Miami Bitcoin Conference, Arbitrum Layer 2 DeFi Summer, Coinbase Apple)",Daily average volume of GBTC stabilized at $419 million,Good,,Okay. Daily average volume of GBTC stabilized at four 19 million.,Good,Supports,0.9,Good,
Bankless,Super Scaling with StarkWare | Uri Kolodny & Eli Ben-Sasson,StarkEx is not a blockchain but rather a scaling service that runs over Ethereum.,Bad,"Un-concise, Unsubstantiated",That's very specific to a customer that StarkEx. So I think it would be a stretch to call it a blockchain.,Bad,Related,0.5,Bad,Truncated
Bankless,Super Scaling with StarkWare | Uri Kolodny & Eli Ben-Sasson,StarkEx is not a blockchain but rather a scaling service that runs over Ethereum.,Good,,"So as, as, as I mentioned, it's been on a public test that since mid June, it's coming to <inaudible> before the end of this month, just one minor correction, the StarkEx instances are not changed. They are essentially applications services, SCALING services powered by the StarkEx cloud service running over Ethereum.",Good,Supports,0.9,Good,
Bankless,"ROLLUP: 1st Week of June (Miami Bitcoin Conference, Arbitrum Layer 2 DeFi Summer, Coinbase Apple)",The Indy 500 with a Bitcoin car was the most exciting news in Bitcoin for the week,Bad,Opinion,"Ah, and so like, I guess congratulations to Bitcoiners. Here's like the coolest news that's happened in Bitcoin in the last seven days is a Bitcoin Car in Indy 500.",Good,Related,0.5,Bad,Advertising
Bankless,Immutable Live Reveal: Scaling NFTs to a Billion Players with L2/L3,Rarible integrates Immutable into its marketplace,Good,,"Yeah. So w we announced today that Rarible, we'll be integrating Immutable into its marketplace, or it's I think the second largest entity marketplace in the world by volume today.",Good,Supports,0.9,Good,
Bankless,Ethereum's Next Decade | Vitalik Buterin,"The relationship between Bitcoin and Ethereum has evolved, with newer cohorts potentially being less hostile towards each other.",Bad,Speculative,"I I feel like Bitcoiners are always nice, nicer to Ethereum folks when the ratio sound 'cause suffering on the Bitcoin ratio. So they're kind of quiet now, but when, when price direction changes, maybe maybe things will, will change, but I I feel like there's less hostility maybe between yeah, the, the newer cohorts of Bitcoiners and Ethereum.",Good,Supports,0.7,Good,
Bankless,Celestia’s Building the Multi-Chain Universe with Nick White | Alpha Leak,Roll-ups sharing a common Data Availability layer can achieve high security trust-minimized communication,Good,,"And that key part of this vision, we didn't really touch on this, but one of the other reasons why this modular blockchain paradigm is so important and I think revolutionary and is the future for blockchain infrastructure is that roll-ups or these chains, when they share a common Data Availability layer, they can inter-operate with the highest security so they can have truly tough trust, minimized security. So it's almost as if, so it's, it's, it's almost as if they will be applications running on, on the EVM.",Good,Supports,0.9,Good,
Bankless,Immutable Live Reveal: Scaling NFTs to a Billion Players with L2/L3,"The solution involves creating a cost roll-up liquidity platform that supports dedicated L2 or L3 instances for games, enabling them to handle millions of players with high TPS.",Bad,Un-concise,"So Immutable is releasing the first cost roll up liquidity solution, which will allow games to have their own dedicated L two or L three instance, which means that now will, the Warcraft can come on board and their a hundred million players can have a dedicated 10,000 TPS or multiple instances of it while we fundamentally sold. The reason that multiple roll-ups would suck today, which is siloed liquidity and silent orders assets, can't be easily traded between them and orders can connect anywhere.",Good,Supports,0.9,Good,
Bankless,Ethereum's Next Decade | Vitalik Buterin,Technical wrong steps or side roads taken by Ethereum could have been avoided if the end state was known.,Bad,Speculative,"Like, like I think there have been a lot of these like technical wrong, either wrong steps or like side roads that we've taken that we did not actually really need to take. And like had we, if if we were just new what the end state actually looked like then like there were situations where we would've saved a lot of resources and a lot of cases come to things much more quickly.",Good,Supports,0.9,Good,
Bankless,"The Social Web3 | Protocols for a Digital Society | POAP, Lens Protocol, Disco.XYZ",A collection of protocols rather than one single protocol like Facebook is intended for building Web 3 social media.,Bad,Opinion,"And I, my gut take about the web, The Social Web three is that it's not going to be one protocol like Facebook is, but it's going to be a collection of many, many protocols. And so I want to go to Christina and next to hear about what is going on over at Lens and and what the perspective is on the web three social world from, from you, Christina.",Good,Supports,0.9,Good,
Bankless,78 - Institutional DeFi Infrastructure | Fireblocks' Michael Shaulov,The company has 500 clients with about 160 employees as of late July.,Bad,Unsubstantiated,"But two years ago, a probably the most important I'm actually the most important numbers for us is the F a R R the fact that we have 500 clients, right. And the fact that we have a, about a while we go the company of about 160 employees, right in that period of time.",Good,Related,0.7,Good,
Bankless,Celestia’s Building the Multi-Chain Universe with Nick White | Alpha Leak,Data Availability Sampling allows for an increase in block size without increasing user fees.,Bad,Unsubstantiated,"So the more, the more people using the network, the more sampling is going on and therefore the bigger block size you can get. So the fee, the fee part doesn't actually incentivize the increase in block size.",Good,Related,0.5,Good,
Bankless,"$3 Trillion in Stablecoins by 2030 | Jeremy Allaire, USDC Founder","Tokenization of real-world assets (RWAs) through smart contracts could revolutionize financial markets, with regulatory frameworks like MICA in Europe potentially accelerating this process.",Bad,Speculative,"So we're at the front edge of that and you know, in certain places laws and regulations are gonna help accelerate that. So like MICA in Europe, which goes effective, you know, June 30th, you know, all of a sudden you're gonna see it's like legal to issue these digital tokens and you know, lots of different players can be able to do it.",Good,Related,0.5,Good,
Bankless,Super Scaling with StarkWare | Uri Kolodny & Eli Ben-Sasson,ZK Starks can be used in any blockchain that requires scaling solutions.,Bad,Speculative,"That's a objective number one, but as, as David correctly pointed B before the break Zika stark technology is much bigger than just a solution for, you know, SCALING ETHEREUM. Initially, of course it can and will be adopted by, we think pretty much all blockchains that require scale.",Good,Supports,0.7,Good,
Bankless,Immutable Live Reveal: Scaling NFTs to a Billion Players with L2/L3,User-friendly solutions are crucial for Web3 gaming without compromising on security.,Bad,Unsubstantiated,And it's extremely important that that doesn't result in a bad user experience while much turns people off game.,Good,Related,0.5,Good,
Bankless,In Defense of The Ethereum Roadmap | Mike Neuder,The value of Ether is primarily driven by its role as a store of value and medium of exchange for gas fees on Ethereum L1.,Bad,Un-concise,"And in my mind, ETH as Money, eth as kind of a store of value asset is the primary driver of its value and kind of e as a consumable, eth as a utility asset is also like clearly gonna be the case.",Good,Supports,0.9,Good,
Bankless,AI ROLLUP #10: 70% AI Market Crash | Fair-Launch Tokens Good or Bad? | Virtuals’ $2M Fiscal Policy | Coinbase AI Hackathon,"AI agents can analyze and evaluate new protocols based on various factors such as smart contracts deployed, user count, and TVL",Good,,"It's gonna see whether they've deployed smart contracts on chain and then it's gonna evaluate it, you know, it's gonna see how many users it has, how much TV l it has. So you are betting that the agent is gonna be like a human David smart, aware and able to digest and analyze whether the risk is worth taking for a particular thing.",Good,Supports,0.9,Good,
Bankless,"ROLLUP: 1st Week of June (Miami Bitcoin Conference, Arbitrum Layer 2 DeFi Summer, Coinbase Apple)",DeFi Summer projects are particularly well-suited for layer two strategies and new protocols can be born within these layers.,Bad,Speculative,"Well like a lot of these new applications, new protocols, probably the next gen ones will actually be born into layer twos. So hopefully they get a good layer too.",Bad,Related,0.5,Good,
Bankless,AI ROLLUP #10: 70% AI Market Crash | Fair-Launch Tokens Good or Bad? | Virtuals’ $2M Fiscal Policy | Coinbase AI Hackathon,The Frazier team’s approach includes using trusted execution environments and verification procedures to ensure the reliability of their AI agents.,Good,,"And we're now seeing this kind of be carved out by the Frayer, Fraser Fraser team, Fraser Fraser team in terms of like their tool set that they're building out. And I've seen a number of teams actually take this approach and I believe the, the Fraser team is focusing on using trusted execution environments and also some kind of verification procedure so that you can trust that what the agent is doing is in fact what it's doing so that can act sovereign.",Good,Supports,0.9,Good,
Bankless,78 - Institutional DeFi Infrastructure | Fireblocks' Michael Shaulov,More real-world assets need to be brought into the blockchain for DeFi protocols to become effective,Bad,Opinion,"And the FIS basically is starting to deploy meant and bring more a representable assets into the blockchain for the defy to really become maybe like, you know, not only the back, but also the front really",Good,Related,0.5,Bad,Truncated
Bankless,78 - Institutional DeFi Infrastructure | Fireblocks' Michael Shaulov,More real-world assets need to be brought into the blockchain for DeFi protocols to become effective,Bad,Opinion,"But now we need basically like to bring more real-world tokens into this ecosystem for the defy protocols to be effective, right. Because, you know, the value of swapping a U as the C was the theory of them is only, is only valuable if you're a speculating on a theory, right.",Good,Supports,0.9,Good,
Bankless,"ROLLUP: 1st Week of June (Miami Bitcoin Conference, Arbitrum Layer 2 DeFi Summer, Coinbase Apple)","The price of ETH affects its economic security through various factors like legitimacy, builder attraction, on-chain activity, fee burn, staking rewards, and attack costs",Good,,"And so he has a, you know, there's four main factors that he has a, one of the, the, the, the, that part of part later, a legitimate SI by a performance in if ether goes up and it continues to go up, there's some amount of legitimacy about that. A which attracts builders, which attracts on chain activity, which attracts more feeble burn, and more staking rewards, which makes ether money, money more sound, which makes, you know, the staking inflows even better, which increase the cost of attack, which increases security, a security, Ethereum security, then there's more economic bandwidth, same path.",Good,Supports,0.9,Good,
Bankless,"ROLLUP: 1st Week of June (Miami Bitcoin Conference, Arbitrum Layer 2 DeFi Summer, Coinbase Apple)","Layer two solutions are expected to bring about an ""Cambrian explosion"" of available trustless block space and new economic activities, including micro-transactions that were previously not feasible on Ethereum due to gas costs.",Bad,Speculative,"Cambrin explosion of available trustless, block space and new possible economic activities. Like I said earlier, like all of a sudden like micro-transactions are back on the table.",Good,Supports,0.9,Good,
Bankless,AI ROLLUP #6: The Hottest AI Crypto Trends of 2025,AI agents need a step change in functionality to move beyond chat KOLs,Good,,We're gonna need to have a step change in what these agents are able to do. We need to start seeing some of the autonomous parts of these agents doing things.,Good,Supports,0.9,Good,
Bankless,Ethereum's Next Decade | Vitalik Buterin,Maintaining economic alignment through ETH is crucial for Ethereum's community and ecosystem,Good,,"Yeah, so I think the first, on the first question, like the value of eth, I mean, I think e like E is the, the biggest thing that everyone in the Ethereum ecosystem is economically aligned on. And I, and so I think maintaining a strong role for ETH is I importance just for that reason.",Good,Supports,0.9,Good,
Bankless,AI ROLLUP #10: 70% AI Market Crash | Fair-Launch Tokens Good or Bad? | Virtuals’ $2M Fiscal Policy | Coinbase AI Hackathon,AI 16 Z needs to develop a strategy to drive revenue or success of their framework,Bad,Opinion,"My personal opinion is they're gonna need to cook something up that drives revenue or success of their framework that they've built out, that they've open source for everyone to tie value back to AI 16 z. Whether that is driving more AI 16 z tokens back to the team in some sort of a treasury.",Good,Supports,0.9,Good,
Bankless,AI ROLLUP #6: The Hottest AI Crypto Trends of 2025,"Building good agentic frameworks involves leveraging LLMs into generating useful output or taking meaningful actions, similar to how a body functions with a brain.",Bad,Un-concise,The real challenge is in building good agentic frameworks is figuring out how to leverage LLMs into generating useful output or taking meaningful actions.,Bad,Related,0.7,Good,
Bankless,AI ROLLUP #6: The Hottest AI Crypto Trends of 2025,Arc Fun builds an agent infrastructure ecosystem on the Rust framework,Good,,"So Arc, the best way to think about it is this is the team that's building an agent infra ecosystem similar to virtuals and AI 16 Z. But there's a unique difference to them in the sense that they are building on the rust framework.",Good,Supports,0.9,Good,
Bankless,Where is Ethereum Headed? | Mike Ippolito & Mike Neuder,All Layer 1s are expected to converge on similar architectures.,Bad,Speculative,"And I think my, my long-term view on all of these L ones is that they're mostly commodities and that they're gonna converge on relatively the same architecture and stack.",Good,Supports,0.9,Good,
Bankless,Where is Ethereum Headed? | Mike Ippolito & Mike Neuder,"Ethereum is viewed as a protocol that runs in the background like TCP/IP, with no inherent value accrual or control over its applications",Good,,"Which I think would be great for Arbitrum, but I think would be quite bad for Ethereum because basically TCP IP is, is just this set of dumb pipes. There's like no Value Accrual, it's governed mostly by this, this group, the ITF who's like mostly appointed by the biggest like app chains.",Good,Supports,0.9,Good,
Bankless,Ethereum's Next Decade | Vitalik Buterin,Vitalik Buterin has been involved in Ethereum for about half its lifespan,Good,,So Vitalik Bankless has been around for about half of Ethereum's lifespan. Five five outta the 10 years of the blockchain.,Good,Supports,0.9,Good,
Bankless,"ROLLUP: 1st Week of June (Miami Bitcoin Conference, Arbitrum Layer 2 DeFi Summer, Coinbase Apple)",Uniswap is a decentralized exchange which is antithetical to the state control in China,Good,,"So I think, I think somebody had had an oopsies, a, somebody did not think about the cause like the, the uniswap the uniswap. If you look on that on the screen, it says the decentralized exchange, what is more antithetical to China, then something that is decentralized.",Good,Supports,0.9,Good,
Bankless,Where is Ethereum Headed? | Mike Ippolito & Mike Neuder,"There is a comparison between Bitcoin as an application chain that only produces BTC, which could be analogous to how Ethereum's mainnet is becoming more constrained while L2s handle most of the complexity",Bad,Un-concise,"It's pretty like constrained because all the complexity got pushed up to the layer twos. And I think that's kind of kind of aligned with the vibe of the last two years of Ethereum all the users going to layer twos, all the, of the assets going to layer twos.",Bad,Related,0.5,Bad,Truncated
Bankless,In Defense of The Ethereum Roadmap | Mike Neuder,Layer 2 solutions might use Ethereum's Data Availability layer to preserve Property Rights guarantees.,Good,,"Okay. So we've talked about maybe a main reason why layer twos need effectively in order to preserve Ethereum's level of Property, Rights guarantees need to use Ethereum for both settlement and da Data Availability.",Good,Supports,0.9,Good,
Bankless,AI ROLLUP #10: 70% AI Market Crash | Fair-Launch Tokens Good or Bad? | Virtuals’ $2M Fiscal Policy | Coinbase AI Hackathon,The Frazier team is working on a set of tools that can create sovereign AI embedded on-chain.,Bad,Unsubstantiated,"So the Razia team, the, what they're building, the arc of what they're building is a set of tools that all kind of compose together. Once the tools are refined, perfected ready for production, they kind of compose together into what they want to create, which is sovereign on chain, embedded ai.",Good,Related,0.7,Good,
Bankless,AI ROLLUP #10: 70% AI Market Crash | Fair-Launch Tokens Good or Bad? | Virtuals’ $2M Fiscal Policy | Coinbase AI Hackathon,There's an internal bear market within a broader secular bull market for AI tokens,Bad,Unsubstantiated,"So I think things have kind of come back down to reality, which is, I know, call it like an internal to a broader secular bull market. A bear market.",Good,Related,0.7,Good,
Bankless,Where is Ethereum Headed? | Mike Ippolito & Mike Neuder,There is a catch-22 in balancing the desire to create value with the need to avoid being overly greedy,Good,,"And so that's the weird catch 22 of this where you don't wanna be overly greedy Right. And rake too much outta the value that, you know, you're creating in your ecosystem.",Good,Supports,0.9,Good,
Bankless,AI ROLLUP #6: The Hottest AI Crypto Trends of 2025,Virtual worlds or metaverses are being enriched by integrating AI agents that have their own personalities,Bad,Speculative,"So it, it's pretty cool to see like a lot of this interactivity and what you are looking at right now are these NPCs, these non playable characters. But the point of this that's being demonstrated here is what if you could plug agents into every one of these little things and they had their own personalities that would make the whole metaverse virtual world interaction way more richer than what it was in the previous cycle.",Good,Related,0.7,Good,
Bankless,Where is Ethereum Headed? | Mike Ippolito & Mike Neuder,The Ethereum community is experiencing a schism over whether to focus on scaling the layer one or continue focusing on rollup-centric roadmaps.,Good,,"We're, but also going full rollup centric roadmap and being celestia and having no execution or settlement at the layer one is also not what we want. And so, right, right now the schism is actually kind of having happening pretty narrowly between a narrow, like, oh, let's take the late game priority of the Ethereum layer one, which was execution.",Good,Supports,0.9,Bad,Truncated
Bankless,Super Scaling with StarkWare | Uri Kolodny & Eli Ben-Sasson,The technology is modular and can be adopted by various blockchain networks beyond Ethereum.,Good,,And Zika tech is actually a platform agnostic tech. And so we actually can talk about this tech outside of Ethereum.,Good,Supports,0.9,Good,
Bankless,Ethereum's Next Decade | Vitalik Buterin,ZK VMs are almost production-ready this year and can help scale L1 by allowing a portion of nodes to use ZK VMs for validation.,Bad,Un-concise,So the big one of course is ZK VMs and ZK VMs are like almost production ready this year in a way that was totally not true I think even one year ago. So that's one thing that a lot of us are leaning in on explicitly.,Good,Related,0.5,Bad,Truncated
Bankless,78 - Institutional DeFi Infrastructure | Fireblocks' Michael Shaulov,Fireblocks raised over $300 million at a $2 billion valuation.,Good,,"So in late July, they raised over $310 million at a $2 billion valuation. Just blows my mind if you're in the crypto institutional space, you already know about Fireblocks, but if you're not, maybe if you're a BANKLESS Lyster, its kind of a defined power user than Fireblocks is probably one of the most important companies in crypto that you've not heard of.",Good,Supports,0.9,Good,
Bankless,In Defense of The Ethereum Roadmap | Mike Neuder,"Rollups expand Ethereum block space, which is related but not exactly equivalent to expanding the Property Rights system.",Bad,Unsubstantiated,Because we have two different things here. We have Property Rights and then we have Ethereum block space.,Good,Related,0.5,Bad,Truncated
Bankless,"ROLLUP: 1st Week of June (Miami Bitcoin Conference, Arbitrum Layer 2 DeFi Summer, Coinbase Apple)","Transaction fees reflect the level of security provided by different Ethereum solutions (roll-ups, side chains)",Bad,Speculative,"And then it goes to Ethereum side chain, a 2.0, zero $2 per so a to 0.2 pennies for a one transaction. If you're in a side chain and was like MADEC, and he goes different price points for different levels of security.",Good,Supports,0.9,Good,
Bankless,"The Social Web3 | Protocols for a Digital Society | POAP, Lens Protocol, Disco.XYZ","The data layer provided by platforms like POAP needs to be clean, reputable and have integrity",Good,,"And so then this is a lot of what our curation body is currently going through, you know, on a case by case basis, trying to assess what qualifies as attendance, what qualifies as an event, because these things can kind of get very, very hairy when you start thinking about the details and the reason it matters so much is precisely w w what we're discussing here is that if we're kind of providing that fundamental data layer, that data layer does need to be clean. It needs to have integrity.",Good,Supports,0.9,Good,
Bankless,In Defense of The Ethereum Roadmap | Mike Neuder,The main goal of the Ethereum Rollups centric roadmap is to grow the amount of economic activity in the Ethereum ecosystem.,Bad,Unsubstantiated,"And I think that is the meme of ETH as Money articulated perhaps in this like Ethereum Rollups centric roadmap. Yeah,",Good,Related,0.5,Bad,Truncated
Bankless,"$3 Trillion in Stablecoins by 2030 | Jeremy Allaire, USDC Founder","Large consumer FinTech products are integrating blockchain technology, which will lead to a more widespread adoption of crypto infrastructure.",Bad,Speculative,"You know, another major Latin American giant Mercado Libre, you know, doing amazing things by sort of bringing these in. And we're seeing this happen around the world, which is super apps, large scale like consumer FinTech products that already exist are basically building in blockchain infra and they're building in Web3 clients.",Good,Related,0.7,Good,